{"cameraMode":{"drawMode":0,"name":"Shaded","section":"Shading Mode"},"sceneLighting":false,"audioPlay":false,"sceneViewState":{"m_AlwaysRefresh":false,"showFog":true,"showSkybox":false,"showFlares":true,"showImageEffects":true,"showParticleSystems":true,"showVisualEffectGraphs":true,"m_FxEnabled":true},"in2DMode":false,"pivot":{"x":-0.115897536277771,"y":2.8285748958587648,"z":-12.43718147277832},"rotation":{"x":-0.47472941875457766,"y":0.04299965128302574,"z":-0.023236913606524469,"w":-0.8787785172462463},"size":3.9727563858032228,"orthographic":true}