{"cameraMode":{"drawMode":0,"name":"Shaded","section":"Shading Mode"},"sceneLighting":false,"audioPlay":false,"sceneViewState":{"m_AlwaysRefresh":false,"showFog":true,"showSkybox":false,"showFlares":true,"showImageEffects":true,"showParticleSystems":true,"showVisualEffectGraphs":true,"m_FxEnabled":true},"in2DMode":false,"pivot":{"x":-0.024741768836975099,"y":2.8335132598876955,"z":-9.335206031799317},"rotation":{"x":0.5557013750076294,"y":0.0015142564661800862,"z":-0.0009949516970664263,"w":0.8313925266265869},"size":5.337931156158447,"orthographic":true}