{"cameraMode":{"drawMode":0,"name":"Shaded","section":"Shading Mode"},"sceneLighting":false,"audioPlay":false,"sceneViewState":{"m_AlwaysRefresh":false,"showFog":true,"showSkybox":false,"showFlares":true,"showImageEffects":true,"showParticleSystems":true,"showVisualEffectGraphs":true,"m_FxEnabled":true},"in2DMode":false,"pivot":{"x":-1.1893138885498047,"y":-0.15008839964866639,"z":0.4600796699523926},"rotation":{"x":-0.3448377847671509,"y":0.13781674206256867,"z":-0.05128336697816849,"w":-0.9270967245101929},"size":1.1280208826065064,"orthographic":true}