{"cameraMode":{"drawMode":0,"name":"Shaded","section":"Shading Mode"},"sceneLighting":false,"audioPlay":false,"sceneViewState":{"m_AlwaysRefresh":false,"showFog":true,"showSkybox":false,"showFlares":true,"showImageEffects":true,"showParticleSystems":true,"showVisualEffectGraphs":true,"m_FxEnabled":true},"in2DMode":false,"pivot":{"x":-1.1893138885498047,"y":-0.15008839964866639,"z":0.4600796699523926},"rotation":{"x":-0.00022527555120177567,"y":0.9997318387031555,"z":-0.012598797678947449,"w":-0.020712923258543016},"size":4.768518447875977,"orthographic":true}