{"cameraMode":{"drawMode":0,"name":"Shaded","section":"Shading Mode"},"sceneLighting":true,"audioPlay":false,"sceneViewState":{"m_AlwaysRefresh":false,"showFog":true,"showSkybox":false,"showFlares":true,"showImageEffects":true,"showParticleSystems":true,"showVisualEffectGraphs":true,"m_FxEnabled":true},"in2DMode":false,"pivot":{"x":-0.8783429861068726,"y":7.676962852478027,"z":-15.245772361755371},"rotation":{"x":0.3851696848869324,"y":-0.005536998156458139,"z":0.0023112681228667499,"w":0.9228296279907227},"size":4.298065185546875,"orthographic":false}