{"cameraMode":{"drawMode":0,"name":"Shaded","section":"Shading Mode"},"sceneLighting":true,"audioPlay":false,"sceneViewState":{"m_AlwaysRefresh":false,"showFog":true,"showSkybox":false,"showFlares":true,"showImageEffects":true,"showParticleSystems":true,"showVisualEffectGraphs":true,"m_FxEnabled":true},"in2DMode":false,"pivot":{"x":0.6810007095336914,"y":4.462450981140137,"z":7.224427223205566},"rotation":{"x":-0.0059687052853405479,"y":-0.6054868102073669,"z":-0.0045412881299853329,"w":0.7958211302757263},"size":20.346277236938478,"orthographic":false}