{"cameraMode":{"drawMode":0,"name":"Shaded","section":"Shading Mode"},"sceneLighting":false,"audioPlay":false,"sceneViewState":{"m_AlwaysRefresh":false,"showFog":true,"showSkybox":false,"showFlares":true,"showImageEffects":true,"showParticleSystems":true,"showVisualEffectGraphs":true,"m_FxEnabled":true},"in2DMode":false,"pivot":{"x":0.056653499603271487,"y":0.7332348227500916,"z":-0.16183370351791383},"rotation":{"x":0.04718136042356491,"y":-0.7934232950210571,"z":0.06201288476586342,"w":0.6036628484725952},"size":0.8660253882408142,"orthographic":false}