{"cameraMode":{"drawMode":0,"name":"Shaded","section":"Shading Mode"},"sceneLighting":false,"audioPlay":false,"sceneViewState":{"m_AlwaysRefresh":false,"showFog":true,"showSkybox":false,"showFlares":true,"showImageEffects":true,"showParticleSystems":true,"showVisualEffectGraphs":true,"m_FxEnabled":true},"in2DMode":false,"pivot":{"x":0.8670122027397156,"y":-0.7019081115722656,"z":3.9839816093444826},"rotation":{"x":0.6217114925384522,"y":0.02700652740895748,"z":-0.021457558497786523,"w":0.7824870347976685},"size":3.2660250663757326,"orthographic":false}