{"cameraMode":{"drawMode":0,"name":"Shaded","section":"Shading Mode"},"sceneLighting":false,"audioPlay":false,"sceneViewState":{"m_AlwaysRefresh":false,"showFog":true,"showSkybox":false,"showFlares":true,"showImageEffects":true,"showParticleSystems":true,"showVisualEffectGraphs":true,"m_FxEnabled":true},"in2DMode":false,"pivot":{"x":-0.5566126108169556,"y":-1.090160846710205,"z":-7.088352680206299},"rotation":{"x":-0.3014998435974121,"y":0.014595108106732369,"z":-0.0046133543364703659,"w":-0.9533531665802002},"size":2.888368606567383,"orthographic":false}