{"cameraMode":{"drawMode":0,"name":"Shaded","section":"Shading Mode"},"sceneLighting":true,"audioPlay":false,"sceneViewState":{"m_AlwaysRefresh":false,"showFog":true,"showSkybox":true,"showFlares":true,"showImageEffects":true,"showParticleSystems":true,"showVisualEffectGraphs":true,"m_FxEnabled":true},"in2DMode":false,"pivot":{"x":-19.333646774291993,"y":6.657991886138916,"z":-25.70661163330078},"rotation":{"x":-0.04048970341682434,"y":0.36480656266212466,"z":-0.015867969021201135,"w":-0.9301170706748962},"size":11.800094604492188,"orthographic":true}