{"cameraMode":{"drawMode":0,"name":"Shaded","section":"Shading Mode"},"sceneLighting":true,"audioPlay":false,"sceneViewState":{"m_AlwaysRefresh":false,"showFog":true,"showSkybox":true,"showFlares":true,"showImageEffects":true,"showParticleSystems":true,"showVisualEffectGraphs":true,"m_FxEnabled":true},"in2DMode":false,"pivot":{"x":-4.623195648193359,"y":3.6762351989746095,"z":10.396507263183594},"rotation":{"x":0.14874643087387086,"y":-0.6219279170036316,"z":0.12186791747808457,"w":0.7590974569320679},"size":7.778418064117432,"orthographic":false}