{"cameraMode":{"drawMode":0,"name":"Shaded","section":"Shading Mode"},"sceneLighting":true,"audioPlay":false,"sceneViewState":{"m_AlwaysRefresh":false,"showFog":true,"showSkybox":true,"showFlares":true,"showImageEffects":true,"showParticleSystems":true,"showVisualEffectGraphs":true,"m_FxEnabled":true},"in2DMode":false,"pivot":{"x":1.3695414066314698,"y":0.6576833724975586,"z":-2.8674466609954836},"rotation":{"x":-0.32706233859062197,"y":0.21865980327129365,"z":-0.07800015062093735,"w":-0.9160951375961304},"size":8.386359214782715,"orthographic":true}