{"cameraMode":{"drawMode":0,"name":"Shaded","section":"Shading Mode"},"sceneLighting":true,"audioPlay":false,"sceneViewState":{"m_AlwaysRefresh":false,"showFog":true,"showSkybox":true,"showFlares":true,"showImageEffects":true,"showParticleSystems":true,"showVisualEffectGraphs":true,"m_FxEnabled":true},"in2DMode":false,"pivot":{"x":-0.5305764675140381,"y":5.681168079376221,"z":-0.7630032300949097},"rotation":{"x":0.2140890210866928,"y":0.046281468123197559,"z":-0.010145893320441246,"w":0.975687563419342},"size":13.049529075622559,"orthographic":true}