{"cameraMode":{"drawMode":0,"name":"Shaded","section":"Shading Mode"},"sceneLighting":true,"audioPlay":false,"sceneViewState":{"m_AlwaysRefresh":false,"showFog":true,"showSkybox":true,"showFlares":true,"showImageEffects":true,"showParticleSystems":true,"showVisualEffectGraphs":true,"m_FxEnabled":true},"in2DMode":false,"pivot":{"x":-2.1112542152404787,"y":4.8572916984558109,"z":1.2340443134307862},"rotation":{"x":-0.006456268951296806,"y":0.35283273458480837,"z":0.0024422984570264818,"w":0.9356787800788879},"size":2.2666220664978029,"orthographic":true}