{"cameraMode":{"drawMode":0,"name":"Shaded","section":"Shading Mode"},"sceneLighting":true,"audioPlay":false,"sceneViewState":{"m_AlwaysRefresh":false,"showFog":true,"showSkybox":true,"showFlares":true,"showImageEffects":true,"showParticleSystems":true,"showVisualEffectGraphs":true,"m_FxEnabled":true},"in2DMode":false,"pivot":{"x":14.958721160888672,"y":6.533363342285156,"z":-20.57830810546875},"rotation":{"x":0.6220366954803467,"y":0.009395211935043335,"z":-0.007464795373380184,"w":0.7828962802886963},"size":5.212552547454834,"orthographic":true}