{"cameraMode":{"drawMode":0,"name":"Shaded","section":"Shading Mode"},"sceneLighting":true,"audioPlay":false,"sceneViewState":{"m_AlwaysRefresh":false,"showFog":true,"showSkybox":true,"showFlares":true,"showImageEffects":true,"showParticleSystems":true,"showVisualEffectGraphs":true,"m_FxEnabled":true},"in2DMode":false,"pivot":{"x":978.6066284179688,"y":272.74615478515627,"z":-14.1729736328125},"rotation":{"x":0.005699744448065758,"y":0.003290369175374508,"z":-0.00007384681521216407,"w":1.0000264644622803},"size":450.0920715332031,"orthographic":false}