{"cameraMode":{"drawMode":0,"name":"Shaded","section":"Shading Mode"},"sceneLighting":true,"audioPlay":false,"sceneViewState":{"m_AlwaysRefresh":false,"showFog":true,"showSkybox":true,"showFlares":true,"showImageEffects":true,"showParticleSystems":true,"showVisualEffectGraphs":true,"m_FxEnabled":true},"in2DMode":false,"pivot":{"x":-2.259627342224121,"y":27.96859359741211,"z":-0.21279707551002503},"rotation":{"x":0.008889097720384598,"y":-0.9802614450454712,"z":0.19236129522323609,"w":0.04500308632850647},"size":5.067904472351074,"orthographic":true}