{"cameraMode":{"drawMode":0,"name":"Shaded","section":"Shading Mode"},"sceneLighting":true,"audioPlay":false,"sceneViewState":{"m_AlwaysRefresh":false,"showFog":true,"showSkybox":true,"showFlares":true,"showImageEffects":true,"showParticleSystems":true,"showVisualEffectGraphs":true,"m_FxEnabled":true},"in2DMode":false,"pivot":{"x":296.1463928222656,"y":346.67132568359377,"z":53.35563659667969},"rotation":{"x":-0.04288269579410553,"y":0.01467764750123024,"z":-0.0006180911441333592,"w":-0.9989950656890869},"size":789.2100219726563,"orthographic":true}