{"cameraMode":{"drawMode":0,"name":"Shaded","section":"Shading Mode"},"sceneLighting":true,"audioPlay":false,"sceneViewState":{"m_AlwaysRefresh":false,"showFog":true,"showSkybox":true,"showFlares":true,"showImageEffects":true,"showParticleSystems":true,"showVisualEffectGraphs":true,"m_FxEnabled":true},"in2DMode":false,"pivot":{"x":963.0192260742188,"y":640.9839477539063,"z":-125.27719116210938},"rotation":{"x":-0.016447141766548158,"y":0.07940548658370972,"z":0.0013103088131174446,"w":0.9967060089111328},"size":666.6521606445313,"orthographic":true}