{"cameraMode":{"drawMode":0,"name":"Shaded","section":"Shading Mode"},"sceneLighting":true,"audioPlay":false,"sceneViewState":{"m_AlwaysRefresh":false,"showFog":true,"showSkybox":true,"showFlares":true,"showImageEffects":true,"showParticleSystems":true,"showVisualEffectGraphs":true,"m_FxEnabled":true},"in2DMode":false,"pivot":{"x":-1.2451578378677369,"y":1.073821783065796,"z":-2.931499481201172},"rotation":{"x":-0.07133480161428452,"y":-0.013188415206968785,"z":0.0009506974020041525,"w":-0.9974126219749451},"size":4.022226333618164,"orthographic":true}