{"cameraMode":{"drawMode":0,"name":"Shaded","section":"Shading Mode"},"sceneLighting":true,"audioPlay":false,"sceneViewState":{"m_AlwaysRefresh":false,"showFog":true,"showSkybox":true,"showFlares":true,"showImageEffects":true,"showParticleSystems":true,"showVisualEffectGraphs":true,"m_FxEnabled":true},"in2DMode":false,"pivot":{"x":-1.3189994096755982,"y":-0.5375491976737976,"z":0.9488545656204224},"rotation":{"x":0.13047821819782258,"y":-0.0902763083577156,"z":0.01193312555551529,"w":0.9872776865959168},"size":6.664963245391846,"orthographic":true}