{"cameraMode":{"drawMode":0,"name":"Shaded","section":"Shading Mode"},"sceneLighting":true,"audioPlay":false,"sceneViewState":{"m_AlwaysRefresh":false,"showFog":true,"showSkybox":true,"showFlares":true,"showImageEffects":true,"showParticleSystems":true,"showVisualEffectGraphs":true,"m_FxEnabled":true},"in2DMode":false,"pivot":{"x":-3.1801304817199709,"y":0.07401371002197266,"z":-13.098797798156739},"rotation":{"x":0.10229600965976715,"y":-0.8935767412185669,"z":0.26034119725227358,"w":0.351113885641098},"size":17.335268020629884,"orthographic":false}