{"cameraMode":{"drawMode":0,"name":"Shaded","section":"Shading Mode"},"sceneLighting":true,"audioPlay":false,"sceneViewState":{"m_AlwaysRefresh":false,"showFog":true,"showSkybox":true,"showFlares":true,"showImageEffects":true,"showParticleSystems":true,"showVisualEffectGraphs":true,"m_FxEnabled":true},"in2DMode":false,"pivot":{"x":-12.659311294555664,"y":15.992135047912598,"z":4.1780853271484379},"rotation":{"x":0.12747886776924134,"y":-0.22900237143039704,"z":0.030265498906373979,"w":0.9645692110061646},"size":18.071887969970704,"orthographic":false}