{"cameraMode":{"drawMode":0,"name":"Shaded","section":"Shading Mode"},"sceneLighting":true,"audioPlay":false,"sceneViewState":{"m_AlwaysRefresh":false,"showFog":true,"showSkybox":true,"showFlares":true,"showImageEffects":true,"showParticleSystems":true,"showVisualEffectGraphs":true,"m_FxEnabled":true},"in2DMode":false,"pivot":{"x":436.5054931640625,"y":389.180908203125,"z":52.74284362792969},"rotation":{"x":-0.012890727259218693,"y":0.037180095911026,"z":-0.00046889332588762045,"w":-0.9992485046386719},"size":308.5934753417969,"orthographic":true}