{"cameraMode":{"drawMode":0,"name":"Shaded","section":"Shading Mode"},"sceneLighting":true,"audioPlay":false,"sceneViewState":{"m_AlwaysRefresh":false,"showFog":true,"showSkybox":true,"showFlares":true,"showImageEffects":true,"showParticleSystems":true,"showVisualEffectGraphs":true,"m_FxEnabled":true},"in2DMode":false,"pivot":{"x":1.3721709251403809,"y":1.60916006565094,"z":-1.9652447700500489},"rotation":{"x":-0.5200437903404236,"y":0.0005062291165813804,"z":-0.0003085899807047099,"w":-0.854149341583252},"size":2.23970365524292,"orthographic":true}