{"cameraMode":{"drawMode":0,"name":"Shaded","section":"Shading Mode"},"sceneLighting":true,"audioPlay":false,"sceneViewState":{"m_AlwaysRefresh":false,"showFog":true,"showSkybox":true,"showFlares":true,"showImageEffects":true,"showParticleSystems":true,"showVisualEffectGraphs":true,"m_FxEnabled":true},"in2DMode":false,"pivot":{"x":0.9481472969055176,"y":-0.5487775802612305,"z":0.08494257926940918},"rotation":{"x":-0.7226976156234741,"y":0.013663184829056263,"z":-0.01429878268390894,"w":-0.6908866167068481},"size":2.106273889541626,"orthographic":false}