{"cameraMode":{"drawMode":0,"name":"Shaded","section":"Shading Mode"},"sceneLighting":true,"audioPlay":false,"sceneViewState":{"m_AlwaysRefresh":false,"showFog":true,"showSkybox":true,"showFlares":true,"showImageEffects":true,"showParticleSystems":true,"showVisualEffectGraphs":true,"m_FxEnabled":true},"in2DMode":false,"pivot":{"x":2.5285608768463136,"y":20.036251068115236,"z":66.625244140625},"rotation":{"x":0.6831586360931397,"y":-0.011829596944153309,"z":0.01059891376644373,"w":0.7302306294441223},"size":19.330707550048829,"orthographic":false}