{"cameraMode":{"drawMode":0,"name":"Shaded","section":"Shading Mode"},"sceneLighting":true,"audioPlay":false,"sceneViewState":{"m_AlwaysRefresh":false,"showFog":true,"showSkybox":true,"showFlares":true,"showImageEffects":true,"showParticleSystems":true,"showVisualEffectGraphs":true,"m_FxEnabled":true},"in2DMode":false,"pivot":{"x":4.782406806945801,"y":-6.227352142333984,"z":-0.4373512268066406},"rotation":{"x":0.4281165897846222,"y":-0.07387465238571167,"z":0.03514041379094124,"w":0.9000152349472046},"size":195.69358825683595,"orthographic":true}