{"cameraMode":{"drawMode":0,"name":"Shaded","section":"Shading Mode"},"sceneLighting":true,"audioPlay":false,"sceneViewState":{"m_AlwaysRefresh":false,"showFog":true,"showSkybox":true,"showFlares":true,"showImageEffects":true,"showParticleSystems":true,"showVisualEffectGraphs":true,"m_FxEnabled":true},"in2DMode":false,"pivot":{"x":-16.887025833129884,"y":8.414546012878418,"z":27.694988250732423},"rotation":{"x":-0.4533669650554657,"y":-0.03821926191449165,"z":0.019469136372208597,"w":-0.8903094530105591},"size":9.486068725585938,"orthographic":true}