{"cameraMode":{"drawMode":0,"name":"Shaded","section":"Shading Mode"},"sceneLighting":true,"audioPlay":false,"sceneViewState":{"m_AlwaysRefresh":false,"showFog":true,"showSkybox":true,"showFlares":true,"showImageEffects":true,"showParticleSystems":true,"showVisualEffectGraphs":true,"m_FxEnabled":true},"in2DMode":false,"pivot":{"x":1.1570539474487305,"y":16.287044525146486,"z":-10.19133472442627},"rotation":{"x":-0.03432511165738106,"y":-0.10298945754766464,"z":0.0034250901080667974,"w":-0.994145929813385},"size":14.642168998718262,"orthographic":true}