{"cameraMode":{"drawMode":0,"name":"Shaded","section":"Shading Mode"},"sceneLighting":true,"audioPlay":false,"sceneViewState":{"m_AlwaysRefresh":false,"showFog":true,"showSkybox":true,"showFlares":true,"showImageEffects":true,"showParticleSystems":true,"showVisualEffectGraphs":true,"m_FxEnabled":true},"in2DMode":false,"pivot":{"x":115.58209991455078,"y":110.75836944580078,"z":22.891292572021486},"rotation":{"x":0.003308676416054368,"y":0.020993752405047418,"z":-0.00004947647175868042,"w":0.9998019933700562},"size":350.49822998046877,"orthographic":false}