{"cameraMode":{"drawMode":0,"name":"Shaded","section":"Shading Mode"},"sceneLighting":true,"audioPlay":false,"sceneViewState":{"m_AlwaysRefresh":false,"showFog":true,"showSkybox":true,"showFlares":true,"showImageEffects":true,"showParticleSystems":true,"showVisualEffectGraphs":true,"m_FxEnabled":true},"in2DMode":false,"pivot":{"x":3.4286253452301027,"y":13.478856086730957,"z":-6.18324613571167},"rotation":{"x":-0.677885115146637,"y":0.008932013995945454,"z":-0.008371168747544289,"w":-0.7351471781730652},"size":1.5917112827301026,"orthographic":false}