{"cameraMode":{"drawMode":0,"name":"Shaded","section":"Shading Mode"},"sceneLighting":true,"audioPlay":false,"sceneViewState":{"m_AlwaysRefresh":false,"showFog":true,"showSkybox":true,"showFlares":true,"showImageEffects":true,"showParticleSystems":true,"showVisualEffectGraphs":true,"m_FxEnabled":true},"in2DMode":false,"pivot":{"x":1.4705101251602173,"y":-5.026542663574219,"z":-0.2628398537635803},"rotation":{"x":-0.29899635910987856,"y":0.7010002136230469,"z":-0.46067702770233157,"w":-0.4549836814403534},"size":10.211531639099121,"orthographic":false}