{"cameraMode":{"drawMode":0,"name":"Shaded","section":"Shading Mode"},"sceneLighting":true,"audioPlay":false,"sceneViewState":{"m_AlwaysRefresh":false,"showFog":true,"showSkybox":true,"showFlares":true,"showImageEffects":true,"showParticleSystems":true,"showVisualEffectGraphs":true,"m_FxEnabled":true},"in2DMode":false,"pivot":{"x":0.33630800247192385,"y":1.4707601070404053,"z":-2.1808419227600099},"rotation":{"x":0.16589976847171784,"y":-0.0927480161190033,"z":0.015598727390170098,"w":0.9817483425140381},"size":12.479904174804688,"orthographic":true}