{"cameraMode":{"drawMode":0,"name":"Shaded","section":"Shading Mode"},"sceneLighting":true,"audioPlay":false,"sceneViewState":{"m_AlwaysRefresh":false,"showFog":true,"showSkybox":true,"showFlares":true,"showImageEffects":true,"showParticleSystems":true,"showVisualEffectGraphs":true,"m_FxEnabled":true},"in2DMode":false,"pivot":{"x":-0.1712573766708374,"y":17.329002380371095,"z":-4.595692157745361},"rotation":{"x":0.10363835841417313,"y":-0.7222030162811279,"z":0.6748300194740295,"w":0.11092884093523026},"size":7.163800239562988,"orthographic":true}