{"cameraMode":{"drawMode":0,"name":"Shaded","section":"Shading Mode"},"sceneLighting":true,"audioPlay":false,"sceneViewState":{"m_AlwaysRefresh":false,"showFog":true,"showSkybox":true,"showFlares":true,"showImageEffects":true,"showParticleSystems":true,"showVisualEffectGraphs":true,"m_FxEnabled":true},"in2DMode":false,"pivot":{"x":-1.8114928007125855,"y":3.715181350708008,"z":-0.19278788566589356},"rotation":{"x":0.6371197700500488,"y":-0.002698774915188551,"z":0.002784855430945754,"w":0.7710146307945252},"size":17.740671157836915,"orthographic":true}