{"cameraMode":{"drawMode":0,"name":"Shaded","section":"Shading Mode"},"sceneLighting":true,"audioPlay":false,"sceneViewState":{"m_AlwaysRefresh":false,"showFog":true,"showSkybox":true,"showFlares":true,"showImageEffects":true,"showParticleSystems":true,"showVisualEffectGraphs":true,"m_FxEnabled":true},"in2DMode":false,"pivot":{"x":0.33630800247192385,"y":1.4707601070404053,"z":-2.1808419227600099},"rotation":{"x":0.17703495919704438,"y":-0.6562331318855286,"z":0.16212251782417298,"w":0.7154900431632996},"size":4.3393073081970219,"orthographic":true}