{"cameraMode":{"drawMode":0,"name":"Shaded","section":"Shading Mode"},"sceneLighting":true,"audioPlay":false,"sceneViewState":{"m_AlwaysRefresh":false,"showFog":true,"showSkybox":true,"showFlares":true,"showImageEffects":true,"showParticleSystems":true,"showVisualEffectGraphs":true,"m_FxEnabled":true},"in2DMode":false,"pivot":{"x":46.62373352050781,"y":-36.16785430908203,"z":131.2353973388672},"rotation":{"x":-0.20550428330898286,"y":0.01583823189139366,"z":-0.003286811290308833,"w":-0.9785563349723816},"size":117.48369598388672,"orthographic":true}