{"cameraMode":{"drawMode":0,"name":"Shaded","section":"Shading Mode"},"sceneLighting":true,"audioPlay":false,"sceneViewState":{"m_AlwaysRefresh":false,"showFog":true,"showSkybox":true,"showFlares":true,"showImageEffects":true,"showParticleSystems":true,"showVisualEffectGraphs":true,"m_FxEnabled":true},"in2DMode":false,"pivot":{"x":1.3480178117752076,"y":4.5728044509887699,"z":-2.004279136657715},"rotation":{"x":-0.5494083166122437,"y":-0.06136029586195946,"z":0.039443839341402057,"w":-0.8326388001441956},"size":2.644943952560425,"orthographic":true}