{"cameraMode":{"drawMode":0,"name":"Shaded","section":"Shading Mode"},"sceneLighting":true,"audioPlay":false,"sceneViewState":{"m_AlwaysRefresh":false,"showFog":true,"showSkybox":true,"showFlares":true,"showImageEffects":true,"showParticleSystems":true,"showVisualEffectGraphs":true,"m_FxEnabled":true},"in2DMode":false,"pivot":{"x":540.1984252929688,"y":307.6780090332031,"z":125.17593383789063},"rotation":{"x":-0.0266640055924654,"y":0.041968416422605517,"z":0.0011385211255401373,"w":0.9987857937812805},"size":425.8537902832031,"orthographic":false}