{"cameraMode":{"drawMode":0,"name":"Shaded","section":"Shading Mode"},"sceneLighting":true,"audioPlay":false,"sceneViewState":{"m_AlwaysRefresh":false,"showFog":true,"showSkybox":true,"showFlares":true,"showImageEffects":true,"showParticleSystems":true,"showVisualEffectGraphs":true,"m_FxEnabled":true},"in2DMode":false,"pivot":{"x":519.2457885742188,"y":114.83189392089844,"z":28.908843994140626},"rotation":{"x":0.007808713708072901,"y":0.01259191520512104,"z":-0.00008218287985073403,"w":0.9999327659606934},"size":296.7305908203125,"orthographic":false}