{"cameraMode":{"drawMode":0,"name":"Shaded","section":"Shading Mode"},"sceneLighting":false,"audioPlay":false,"sceneViewState":{"m_AlwaysRefresh":false,"showFog":true,"showSkybox":false,"showFlares":true,"showImageEffects":true,"showParticleSystems":true,"showVisualEffectGraphs":true,"m_FxEnabled":true},"in2DMode":false,"pivot":{"x":0.05481921136379242,"y":0.4952712059020996,"z":0.09821947664022446},"rotation":{"x":-0.06710830330848694,"y":-0.5066625475883484,"z":-0.03960008546710014,"w":0.8586177825927734},"size":0.48764920234680178,"orthographic":true}